fecha,maquina,hora_inicio,turno,persona,estilo,hilo,lote,nro_tacho,metros_reurdir,metros_producidos,fecha_fin,hora_fin
20260922,REURDIDORA # 05,08:00,Primer Turno,"LUIS, GOMEZ",SATIN IRIS BLACK,311,101200,4,16700,20000,22/09/26,11:00
20260922,REURDIDORA # 05,11:50,Primer Turno,"LUIS, GOMEZ",SATIN IRIS BLACK,311,101200,9,16700,8000,22/09/26,13:50
20260922,REURDIDORA # 05,14:00,Segundo Turno,"RICHARD, REYES",SATIN IRIS BLACK,311,101200,9,16700,11958,22/09/26,17:00
20260922,REURDIDORA # 05,17:00,Segundo Turno,"RICHARD, REYES",SATIN IRIS BLACK,311,101200,12,16700,18130,22/09/26,22:00
20260922,REURDIDORA # 05,22:00,Tercer Turno,"CARLOS E, BOGADO",SATIN IRIS BLACK,311,101200,12,16700,1660,22/09/26,22:30
20260922,REURDIDORA # 06,06:10,Primer Turno,"ELYS, NUNEZ",SATIN IRIS BLACK,311,101200,10,16700,20000,22/09/26,10:35
20260922,REURDIDORA # 06,11:00,Primer Turno,"ELYS, NUNEZ",SATIN IRIS BLACK,311,101200,14,16700,4855,22/09/26,14:00
20260922,REURDIDORA # 06,15:00,Segundo Turno,"JHONATAN, SIERRA",SATIN IRIS BLACK,311,101200,14,16700,15000,22/09/26,17:15
20260922,REURDIDORA # 06,17:30,Segundo Turno,"JHONATAN, SIERRA",SATIN IRIS BLACK,311,101200,5,16700,12131,22/09/26,22:00
20260922,REURDIDORA # 06,22:30,Tercer Turno,"CARLOS E, BOGADO",SATIN IRIS BLACK,311,101200,5,16700,7450,22/09/26,23:30
20260922,REURDIDORA # 07,07:00,Primer Turno,"RAUL, HERNANDEZ",SATIN IRIS BLACK,311,101200,13,16700,19874,22/09/26,11:30
20260922,REURDIDORA # 07,12:00,Primer Turno,"RAUL, HERNANDEZ",SATIN IRIS BLACK,311,101200,11,16700,2045,22/09/26,13:45
20260922,REURDIDORA # 07,14:00,Segundo Turno,"LUIS, ARAUJO",SATIN IRIS BLACK,311,101200,11,16700,18060,22/09/26,19:00
