fecha,maquina,tipo_rotura,cantidad,categoria
20260910,REURDIDORA # 05,Revientes en peine,41,rotura
20260910,REURDIDORA # 05,Transferencias,23,rotura
20260910,REURDIDORA # 05,Hilos rotos o picados,21,rotura
20260910,REURDIDORA # 05,Hilo debil,9,rotura
20260910,REURDIDORA # 05,Hilos cruzados,8,rotura
20260910,REURDIDORA # 05,Enredos de cintas,8,rotura
20260910,REURDIDORA # 05,Hilo suelto,7,rotura
20260910,REURDIDORA # 05,Descruce de hilo,2,rotura
20260910,REURDIDORA # 05,Nudo flojo,2,rotura
20260910,REURDIDORA # 05,Enredo de cinta,54,paro
20260910,REURDIDORA # 05,Calzas,40,paro
20260910,REURDIDORA # 06,Revientes en peine,53,rotura
20260910,REURDIDORA # 06,Transferencias,39,rotura
20260910,REURDIDORA # 06,Hilo debil,23,rotura
20260910,REURDIDORA # 06,Hilo suelto,18,rotura
20260910,REURDIDORA # 06,Hilos cruzados,10,rotura
20260910,REURDIDORA # 06,Mona o motas,5,rotura
20260910,REURDIDORA # 06,Hilos rotos o picados,2,rotura
20260910,REURDIDORA # 06,Calzas,43,paro
20260910,REURDIDORA # 06,Enredo de cinta,39,paro
20260910,REURDIDORA # 07,Hilo suelto,24,rotura
20260910,REURDIDORA # 07,Hilo debil,21,rotura
20260910,REURDIDORA # 07,Hilos cruzados,13,rotura
20260910,REURDIDORA # 07,Transferencias,11,rotura
20260910,REURDIDORA # 07,Hilos rotos o picados,11,rotura
20260910,REURDIDORA # 07,Revientes en peine,10,rotura
20260910,REURDIDORA # 07,Nudo flojo,8,rotura
20260910,REURDIDORA # 07,Enredos de cintas,3,rotura
20260910,REURDIDORA # 07,Descruce de hilo,3,rotura
20260910,REURDIDORA # 07,Mona o motas,2,rotura
20260910,REURDIDORA # 07,Calzas,35,paro
20260910,REURDIDORA # 07,Enredo de cinta,22,paro
